{
  "project_info": {
    "project_number": "723697751771",
    "project_id": "masusc-bd020",
    "storage_bucket": "masusc-bd020.appspot.com"
  },
  "client": [
    {
      "client_info": {
        "mobilesdk_app_id": "1:723697751771:android:0783cc7665dbf177ae5efe",
        "android_client_info": {
          "package_name": "com.example.masusc"
        }
      },
      "oauth_client": [],
      "api_key": [
        {
          "current_key": "AIzaSyDFby_8zl__p6ScLS6NlgmUjcfwrNbZgmg"
        }
      ],
      "services": {
        "appinvite_service": {
          "other_platform_oauth_client": []
        }
      }
    }
  ],
  "configuration_version": "1"
}